name,screen_name,location,followers_count,friends_count,tweet
Jaime,jclopes65,,102,380,Tem mais conteúdo que site com realizações do atual governo. https://t.co/uJhqOiFro5
triste e solitario demais pra qualquer coisa,Ryusniw,,42,174,RT @acababolsonaro: 1384 dias para o fim do governo Bolsonaro
Leandro Fortes,leandrofortes,"Brasília, Brasil",24637,934,"RT @zehdeabreu: Hahahahaha acaba o governo!

Decreto estabelece aplicação da Lei da Ficha Limpa para cargos de confiança do Executivo https…"
tiz quadros,tizquadros,,648,924,"RT @wilsondenotari: @UOLNoticias @pe_rrigo •Radicalismo,
•intolerância e
• conservadorismo 
Isso! Não pode! trazer nada d bom para o país.…"
�� Paulo Medina ��,br_paulomedina,São Paulo,109,159,"RT @JOAQUINTEIXElRA: A GRANDE REALIDADE É QUE O GOVERNO BOLSONARO É UMA DECEPÇÃO:

NÃO POSSO COMPRAR REVOLVER NAS AMERICANAS
ENCONTRO COM F…"
Roberto Oliveira,rlv_oliveira,,133,319,"RT @joaoamoedonovo: O governo foi bem sucedido e arrecadou na sexta-feira 2,4 bi com a concessão de 12 aeroportos. Que tal extinguir o fund…"
Thiago Lima,thiagolima_br,,97,1500,"RT @PastorMalafaia: O FILHO DO PRESIDENTE, Eduardo Bolsonaro, ajudaria muito mais ao governo do seu pai, parando de falar asneira. Poderia…"
Nathalia,naathaliabrito_,Brasília,330,263,"RT @JenioQuadros: Esse governo fez o Silas Malafaia dar uma opinião sensata e moderada 

Que momento difícil passamos https://t.co/BS0R9Hhp…"
RacWell���️‍�,Iluminadinha,"Rio de Janeiro, Brasil",504,350,"#LulaLivreSegundaSDV 
Foco do novo governo é acabar com SOCIALISMO.
E eu tentando até agora, achar o socialismo no Brasil �"
Aderlan,derlan_rX,"Rio de Janeiro, Brasil",1474,756,"RT @FreeFireMilGrau: ""Governo irá proibir o jogo Free Fire por induzir violências entre adolescentes""

Jogadores de Free Fire: https://t.co…"
marcelo silva,marcelosilva_to,Palmas - TO,5181,2355,RT @DinoDebochado: Eu vendo os apoiadores do Bolsonaro abandonando o governo https://t.co/lwA2ri7hJz
Diego Quiqueto�����,diegoquiqueto,,473,959,"RT @maryritalopes: Toda mentira ou omissåo da grobo sobre o governo será respondida por nós. 
Objetivo da grobo _ boicotar,  criminalizar e…"
DATE 28/03❣️,MyLifeIsYouLS,Ed ● TIU,3138,2142,RT @acababolso: 1385 dias para o fim do governo Bolsonaro
maximasideias®,progiuri,"Rio de Janeiro, Brasil",501,446,"RT @mneves_: Governo do RJ anuncia rompimento com Consórcio, que tem até dia 19 para deixar o Maracanã | LANCE! https://t.co/tnzD72dTkU"
� Palestra Zeiro �,GABRIEL99_cec,"série A, desde 1921",226,113,"RT @joaoamoedonovo: O governo foi bem sucedido e arrecadou na sexta-feira 2,4 bi com a concessão de 12 aeroportos. Que tal extinguir o fund…"
brenda.,zjmpoetical,"maceió, brasil",33393,27700,o governo não tá pagando os motoristas vey
UOMINI BLACK,JoAo_PiXeL,"Uberlândia, Brasil",397,344,"RT @lelispatricia: Esse (des) governo do Bolsonaro é tão absurdo que pela primeira vez me fez concordar com o pilantra do Malafaia, olha o…"
Luciraldo Carvalho,LuciraldoPr,"Minas Gerais, Brazil",72,144,@AndreaJube @viajanteblue Eu sou evangélico e não quero que @jairbolsonaro  dê espaço para evangélicos. Quero que p… https://t.co/hdnwRXaZI5
えいじゃん�アッシュシュ�happy af asheiji,traversetownnn,A sea lies underneath my ribs,169,239,"RT @julianopsol50: Presidente do Bradesco, em entrevista à @folha, afirmou que ""se a reforma não sair no primeiro semestre, o mercado pode…"
meLL ferrer,mellwintter,,320,82,"RT @AmeliaLyra2: @requiaopmdb Não foi ato falho, a desconstrução do país é o projeto de governo deles."
Father 2k19,Erik_lonn,"Rio de Janeiro, Brasil",258,204,"RT @lianamachado: - O governo do meu país é um pouco atrasado.
- quanto?
- uns 60 anos, o presidente recém empossado ainda está preocupado…"
tamires,tfernaandess,"Macuco, Brasil",49,80,"RT @MarcioPochmann: As mulheres que já amargam condições piores de ingresso no mercado de trabalho e possuem, em geral, trajetória ocupacio…"
Carlos Bruno,cbruno90,Rio de Janeiro,377,540,@fimdejogo Tem que seguir o modelo que o Governo do Ceará vai fazer com o Castelão.
Carolina,naosoucinefilo,"Rio de Janeiro, Brasil",147,778,"RT @delucca: Quando o SILAS MALAFAIA e o RODRIGO MAIA precisam sair do esgoto onde vivem com lixo tóxico intolerante, porque ficaram indign…"
Rodrigo Arquimedes,rodrigoarquimed,"Rio Branco do Sul, Brasil",1189,2011,"RT @maryritalopes: A grobo n satisfeita de boicotar o governo, ontem no fantastico acusou o presidente de estar ligado ao assassinato de La…"
Marcello Neves,mneves_,"Rio de Janeiro, Brasil",15117,10482,"Todos os contratos com os clubes e o Consórcio serão cancelados. Witzel citou uma dívida com o Governo e ""que não d… https://t.co/fXagQLCkBc"
Mauro Bernardo,reiflurioso1,"Rio de Janeiro, Brasil",1055,4946,"RT @julianopsol50: Presidente do Bradesco, em entrevista à @folha, afirmou que ""se a reforma não sair no primeiro semestre, o mercado pode…"
Distopia Petista�,Reginal23676002,"Goiânia, Brasil",2429,3791,"RT @jairbolsonaro: Nos hospedaremos na Blair House. É uma honraria concedida a pouquíssimos Chefes de Estado, além de não custar um centavo…"
Matheus Queiroga,matheusccq,,16,889,"Acredito nas boas intenções dos acadêmicos, teóricos e analistas políticos, que são críticos do atual governo, ao c… https://t.co/CYICTNd4UT"
Kayo Silva,DivinoKayo,,228,555,"RT @paixaofla9: GOVERNO DO RIO ROMPE COM CONCESSIONÁRIA DO MARACANÃ ������
AGORA VAMOS BRIGAR PARA QUE FIQUE COM O FLAMENGO!!!"
Flor do Deserto,FlordoDeserto9,,23,65,RT @Estadao: &gt;@EstadaoPolitica Silas Malafaia diz que Eduardo Bolsonaro ajudaria mais o governo 'parando de falar asneira' https://t.co/wqg…
Marcos,Marcos43438030,,4,45,"@randolfeap GOVERNO HIPÓCRITA E MENTIROSO, ESTÃO ENGANANDO O TRABALHADOR COM ESSA REFORMA DA PREVIDÊNCIA MALDITA, C… https://t.co/2o0OGnlWRg"
Antonio Barea,raval07,"São Paulo, Brasil",51,293,"RT @PatoCorporation: Qd era ""jornalista"" Joice Hasselman podia pedir ""fechamento do STF"" pois tinha a proteção constitucional de liberdade…"
Pedro Moraes,pppmoraes76,"Rio de Janeiro, Brasil",1883,1762,"RT @FoxSportsBrasil: Governo do Rio de Janeiro rompe contrato de concessão do Maracanã; veja

 � https://t.co/wHUiGr2211

Clique e assine o…"
Filipe Quintans,ofilipequintans,"São Paulo, Brasil",857,503,Votou em Wilson Witzel? Me aponte 1 ação concreta do governo dele em 77 dias. Uma ação que tenha melhorado a vida d… https://t.co/6uUwRtPTDe
c,cibelycard,,1047,351,"RT @JenioQuadros: Esse governo fez o Silas Malafaia dar uma opinião sensata e moderada 

Que momento difícil passamos https://t.co/BS0R9Hhp…"
Brenno Santos,BrennoS_MJV,"Salvador, Brasil",42,209,"RT @paixaofla9: GOVERNO DO RIO ROMPE COM CONCESSIONÁRIA DO MARACANÃ ������
AGORA VAMOS BRIGAR PARA QUE FIQUE COM O FLAMENGO!!!"
Ana Lucia Bitencourt,bitenvida,,540,701,RT @JoelAlexandreM: A Globo criou um quadro no #Fantástico apenas para atacar o Bolsonaro? Porque é isso que eles fazem em todos os program…
deus meu deus tudo esta tao dificil pra mim,miIkygum,"itz, brasil",533,306,"RT @JenioQuadros: Esse governo fez o Silas Malafaia dar uma opinião sensata e moderada 

Que momento difícil passamos https://t.co/BS0R9Hhp…"
Edilene Soares ��,Edilenesoaresg2,,197,47,"RT @maryritalopes: A grobo pode boicotar o governo, estamos ligados 24 horas por dia para promovê_lo .

#GloboEsgotoDaTv"
FLAMENGUISTA SINCERO �⚫,FlaSinceroOFC,Ninho do urubu,22363,748,"Governo Estadual anuncia rompimento c Consórcio Maracanã. Governador Wilson Witzel ""O Maracanã tem renda. Vai ser a… https://t.co/wWWm3osagM"
Miranda Herculino,mirandaherculi1,"Ribeirão Preto, Brasil",27,214,"RT @PastorMalafaia: O FILHO DO PRESIDENTE, Eduardo Bolsonaro, ajudaria muito mais ao governo do seu pai, parando de falar asneira. Poderia…"
Lusia Nascimento,NascimentoLusia,"Rio de Janeiro, Brasil",34,339,RT @igorsiqueira: E o governo do Rio decidiu romper o contrato atual de concessão do Maracanã. Contrato entre os clubes e a concessionária…
antonio marcos,simoes_marcos1,,55,54,Bolsonaro vai priorizar a busca por acordos comerciais com os EUA https://t.co/ObkhFrDNxi
IndignAÇÃO,IndignoBrasil,Brasil,1437,2050,"@folha Quanto desses aí estão mamando nas tetas do governo??
#EstadaoFaltouEu"
ᵗᵒᵏᵏᶥ,JIMJEON_,"ㅡ ʙᴛs, ɴᴄᴛ, ᴍx, ᴀsᴛʀᴏ, ᴛxᴛ",1793,1571,"RT @JenioQuadros: Esse governo fez o Silas Malafaia dar uma opinião sensata e moderada 

Que momento difícil passamos https://t.co/BS0R9Hhp…"
Raphael,crvg_ralmeida,Rio de Janeiro,600,194,RT @globoesportecom: Governo do Rio de Janeiro anuncia rompimento com consórcio que gere o Maracanã https://t.co/WS4oXjlmKd https://t.co/SQ…
Deivson Felipe,Deivson_Felipe,Paulista - Pernambuco ,16,30,"Enquanto outros governos criam cargos, o governo Bolsonaro EXTINGUE cargos, economizando nosso dinheiro! Tem peteza… https://t.co/gdvb2Ks0v8"
Fernando Luiz,Luzifer00550438,"Rio de Janeiro, Brasil",145,68,RT @nelsonhbarbosa: Segue site do Dieese com calculadora da proposta do governo para reforma da previdência:  https://t.co/FAnlDJTVLn
Rogério Marcus,rog_marcus,"Belo Horizonte, MG, Brasil",1477,151,"RT @AlencarBraga13: Patriotismo do governo Bolsonaro:
- ministro educação chama brasileiros de ladrões;
- Eduardo Bolsonaro diz que é vergo…"
Agência Lusa,Lusa_noticias,Portugal,181836,0,Médicos acusam Governo de discriminação em despacho de substituição de profissionais - https://t.co/4i3cGdDIQ0 https://t.co/8qWmFgIZeO
Mita Soldier,MitaSoldier,,3539,3505,"RT @maryritalopes: A grobo n satisfeita de boicotar o governo, ontem no fantastico acusou o presidente de estar ligado ao assassinato de La…"
Douglas,Dougglas_Reis,Por aí,44,221,"RT @FoxSportsBrasil: Governo do Rio de Janeiro rompe contrato de concessão do Maracanã; veja

 � https://t.co/wHUiGr2211

Clique e assine o…"
Júlio César Passágli,JulioPassagli,,32,95,@zehdeabreu O respeito entre eles nada significa.  Os dois foram chutados do governo.  Ambas sociedades viram e rep… https://t.co/HzyP7rqndJ
Fábio da Silva Vaz,fabiosvaz,"QD 01, Sobradinho, Brasília-DF",243,962,"RT @BlogdoNoblat: No caso específico de Cristovam, o PT jogou todas as suas fichas para derrotá-lo e eleger Izalci Lucas, que nem do PT era…"
Famous Black,lucaslinhares25,,192,1237,"Os eleitores dos bosominion brigando com MBL
Silas malafaia  criticando os filhos do Bolsonaro
Olavo de carvalho cr… https://t.co/xZDYcvUfVG"
Carmenmaraujo,Carmenmaraujo1,,2066,2845,RT @kallilolv: Ontem fez três anos que o então juiz fora da lei divulgou ilegalmente os áudios de Lula conversando com Dilma para fomentar…
Felippe Costa,felippecosta1,Rio de Janeiro,13455,1004,Governo do Rio de Janeiro anuncia rompimento com consórcio que gere o Maracanã | futebol | Globoesporte https://t.co/6ToaQKglNo
Ademar Joaquim,ademarjoa,,472,4264,"RT @BlogdoNoblat: No caso específico de Cristovam, o PT jogou todas as suas fichas para derrotá-lo e eleger Izalci Lucas, que nem do PT era…"
Danilo Alves,daniloalvesdfc,"Pernambuco, Brasil",2,60,"RT @PastorMalafaia: O FILHO DO PRESIDENTE, Eduardo Bolsonaro, ajudaria muito mais ao governo do seu pai, parando de falar asneira. Poderia…"
Ser Feliz e o que interessa ����,tdomuda,Brasil,126,163,"RT @maryritalopes: A grobo n satisfeita de boicotar o governo, ontem no fantastico acusou o presidente de estar ligado ao assassinato de La…"
ValdireneSantana,Valdire10175251,,5,9,"RT @jairbolsonaro: Nos hospedaremos na Blair House. É uma honraria concedida a pouquíssimos Chefes de Estado, além de não custar um centavo…"
Antonio Lustosa,AntonioLustosa_,João Pessoa -PB,9496,10413,"RT @PastorMalafaia: O FILHO DO PRESIDENTE, Eduardo Bolsonaro, ajudaria muito mais ao governo do seu pai, parando de falar asneira. Poderia…"
The Kumbaya,TKumbaya,,36,142,@SraPatalogica E num é o que vai acontecer. O governo brasileiro vai ajudar a deportar os ilegais lá na terra do tio Sam.
Flor do Deserto,FlordoDeserto9,,23,65,"RT @LulaOficial: O crime de Moro foi claro, não foi indeterminado, não foi uma história sem pé nem cabeça de apartamento. Foi contra a demo…"
Paula Siebeneichler,PaulaLyla,Dourados - MS,317,884,"RT @BohnGass: Que ninguém se iluda. A demissão de milhares de servidores pelo governo não é para reduzir custos, não. É para criar vagas a…"
Paulo Viana,paulorcviana,"Brasília, Brasil",383,1346,RT @UOLEsporte: Governo do Rio anuncia rompimento do contrato do Maracanã https://t.co/9i8BYwRF8e
eladio eufrasio,EufrasioEladio,,450,1019,Silas Malafaia diz que Eduardo Bolsonaro ajudaria mais o governo 'parando de falar asneira' https://t.co/NQgrdDGgPU
ᵗᵒᵏᵏᶥ,JIMJEON_,"ㅡ ʙᴛs, ɴᴄᴛ, ᴍx, ᴀsᴛʀᴏ, ᴛxᴛ",1793,1571,"RT @yurdimple: olavo de carvalho dizendo que o governo não dura 6 meses se continuar assim e agora o silas malafaia fala isso aqui

nem a d…"
Carlos Siqueira,csiqueirapsb,,789,89,"Presidente do PSB no Maranhão e integrante da Executiva Nacional, o atual prefeito de Timon, @LucianoLeitoa, esteve… https://t.co/m4EylqTWcL"
Angela Camolese Nespoli,angela_nespoli,,2206,601,"7. Finalmente, saibam que não há nada de novo, nesta forma de agir. 
A ""receita do bolo"" é a mesma, até hoje. Segue… https://t.co/tZb1FEbt3P"
luisa,luisaaazevedo,,127,299,"RT @lelispatricia: Esse (des) governo do Bolsonaro é tão absurdo que pela primeira vez me fez concordar com o pilantra do Malafaia, olha o…"
Alana,luluoec,"Curitiba, Brasil",1177,302,"RT @g_jareta: Isso só seria possível se o governo criasse mecanismos para restringir a saída de viajantes brasileiros do país, i.e., litera…"
Flávio Lucio,flavioadv,Mimoso do Sul/ES,119,258,Governo e redes sociais não divulgam queda do Produto Interno Bruto e via de regra previsão de crescimento aquém do esperado.
Silvânio Santos,Silvanio80,Maribondo-AL.,56,123,"RT @socioambiental: A relação dos Waimiri Atroari com os brancos é pontuada por sangue e lágrimas. Nela, uma tentativa de genocídio durante…"
Filipe Pereira,FilipeRN93,"Volta Redonda, Brasil",1771,3459,RT @fimdejogo: Concessão do Maracanã cancelada pelo governo do estado. Ela tem até o dia 19 de abril para deixar o estádio
Matheus Barbosa,Matheus_fla1895,Brasil,3,14,"@antoniocarlosto @b_delaurentis Amigo,o governo está tirando a Odebrecht pra colocar a Ferj no controle do estádio,… https://t.co/e4GcU8HfTL"
Jon Jonᶜʳᶠ#bolsonarotemrazao,jon_jonfla,,195,394,"RT @lancenet: Governo do RJ anuncia rompimento com Consórcio, que tem até dia 19 para deixar o Maracanã https://t.co/l0blTL0iPJ #lancenet"
Correio da Manhã,cmjornal,"Lisboa, Portugal",361978,1177,Cm ao Minuto - Médicos acusam Governo de discriminação em despacho de substituição de profissionais https://t.co/UVgD6v5jUu
governo do patê,ElliusTyberax,,74,214,"RT @JenioQuadros: Esse governo fez o Silas Malafaia dar uma opinião sensata e moderada 

Que momento difícil passamos https://t.co/BS0R9Hhp…"
Wandeco into the spiderverse,wander17son,"Duque de Caxias, Brasil",728,463,"RT @chevaz: O mesmo cara retorna à cúpula da polícia civil quando da formação do governo Witzel.

https://t.co/fPZtEs32mf"
Paulo Viana,paulorcviana,"Brasília, Brasil",383,1346,RT @SerieA__2019: Governo do Rio rompe com a concessionária do Maracanã.
Skywalker,LuccaoSkywalker,"Sete Lagoas, Brasil",154,125,"RT @jovensreacinhas: Bolsonaro disse novamente que a Amazônia não é nossa e ainda chamou o Brasil de lixo

É incrível, os caras entregaram…"
charlie lulalivre,o_singular,Berlim Oriental,894,825,"RT @Daneandrade13: Quem compra produto ou serviço de sua ""empresa"" é o trabalhador assalariado.Qdo governo ferra o assalariado,empresas tb…"
Kildare Johnson��,kildarejohnson,,421,422,"@BolsonaroSP @jairbolsonaroe Inveja (BRANCA) dos senhores! Sim, a Inteligência é a cervical de um governo sólido. A… https://t.co/PWMBkRFx2L"
Fifico  Siebra,fjosi1,,1545,3326,"RT @GDimenstein: Joice Hasselmann deve achar que ainda é apenas uma blogueira comprometida apenas em fazer polêmica, e não uma líder do gov…"
Dea Eris,ErisDea,,61,318,"RT @QuebrandoOTabu: Feliciano disse que a equipe de Bolsonaro é despreparada. 
Olavo de Carvalho recomendou aos ""alunos"" que abandonem o go…"
always somewhere,wixxxxla,Na puta que pariu ,37,110,"RT @JenioQuadros: Esse governo fez o Silas Malafaia dar uma opinião sensata e moderada 

Que momento difícil passamos https://t.co/BS0R9Hhp…"
RAMON,mn_ramon,"Pinheiros, São Paulo",2567,2950,"RT @maryritalopes: Toda mentira ou omissåo da grobo sobre o governo será respondida por nós. 
Objetivo da grobo _ boicotar,  criminalizar e…"
Pedro Moraes,pppmoraes76,"Rio de Janeiro, Brasil",1883,1762,RT @fimdejogo: Concessão do Maracanã cancelada pelo governo do estado. Ela tem até o dia 19 de abril para deixar o estádio
Miguel Palmeirense,MiguelCampos12,"São Paulo, Brasil",2626,2365,Governo de SP divulga calendário de atividades em escola atingida por massacre em Suzano | São Paulo | G1 https://t.co/TeJyr4ouIS
papai chora no banho,valedasrainhas,"São Paulo, Brasil",31,208,"RT @PastorMalafaia: O FILHO DO PRESIDENTE, Eduardo Bolsonaro, ajudaria muito mais ao governo do seu pai, parando de falar asneira. Poderia…"
Mateusᶜʳᶠ �⚫��,Mateuzin87,"Nova Iguaçu, RJ",492,570,"RT @fimdejogo: Segundo @wilsonwitzel o governo já estava em conversas com a @CONMEBOL para nenhum prejuízo aos jogos da Copa América, Liber…"
Rubro Negro de CABO FRIO,AndersonFLARJ1,"Rio de Janeiro, Brasil",83,365,"@wilsonwitzel acaba de rescindir o contrato de concessão com a Odebrecht. Porém, não falou sobre ter uma nova licit… https://t.co/yraBVxdRcF"
Maay �,Maay_andr,,28,49,RT @acababolso: 1385 dias para o fim do governo Bolsonaro
Vanderson,Vanders19000952,,8,45,RT @paudo_guedes: Eu estava ontem na manifestação da Paulista. Vi o MBL bipolar: puxava os gritos da campanha do Jair mas tentava alfinetar…
aa,gezfucks,sei lá,2604,2092,"RT @PastorMalafaia: O FILHO DO PRESIDENTE, Eduardo Bolsonaro, ajudaria muito mais ao governo do seu pai, parando de falar asneira. Poderia…"
Dr Estranho,DrEstranho20,,3,27,@reinaldoazevedo @UOLNoticias @UOL @UOLPolitica O mecanismo acionado tem algumas das mesmas engrenagens que derruba… https://t.co/xyHuzNc2xg
ClaudioHenriqueVaz,chevaz,Rio de Janeiro,1292,1141,"RT @PastorMalafaia: O FILHO DO PRESIDENTE, Eduardo Bolsonaro, ajudaria muito mais ao governo do seu pai, parando de falar asneira. Poderia…"
Edilene Soares ��,Edilenesoaresg2,,197,47,"RT @vanadias: Já q a TV, as Revistas e Jornais, os Portais NÃO CONSEGUEM Acabar Com o Governo de @jairbolsonaro,Toffoli @STF_oficial APELOU…"
ArkStar,dimastec,Brasil,99,135,"Só vejo um sentido nisso: A folha de São Paulo precisa estar em alta, e pra ela fazer isso tem q sempre polemizar c… https://t.co/FB01gQ8YVU"
Brito,nn81,Europa,9560,4514,"RT @JooPiresdaCruz1: O camarada Jerónimo tem razão, ele apoia um governo que não foi eleito e não sequer teve que sair de casa. Andam agora…"
Sansbobina ultimate,PunkEmoGay,,70,116,"RT @EduardoLaviano: ""Make Brasil great again"" ou seja o cara assumiu que quer a volta do governo Lula??? https://t.co/lidvBkUl8w"
leandro bastos,leandrobastoleo,"Niterói, Brasil",244,416,RT @fimdejogo: Concessão do Maracanã cancelada pelo governo do estado. Ela tem até o dia 19 de abril para deixar o estádio
Fernando Molinari,nandomolinari,Rio de Janeiro,407,983,"RT @Samternura: @xicograziano @jairbolsonaro A Folha, muito esperta, está  oferecendo  jornal ""grátis"" para os professores. Fake  news e cr…"
Guine ™ #VamosSãoPaulo,Guine_SPFC,Brasil,5992,4945,"Vai ser difícil... Esse governo foi eleito pela agenda ideológica, quando a maioria entender a reforma acho que o a… https://t.co/tehZSECthD"
Shirley Vaz,ShirleyVazbh,"Belo Horizonte, Brasil",1483,2057,"RT @maryritalopes: A grobo n satisfeita de boicotar o governo, ontem no fantastico acusou o presidente de estar ligado ao assassinato de La…"
Maísa Jecusan,mluizajcsantos,São Luis-Maranhão,800,2837,"RT @senadorhumberto: Distribuir dinheiro público em emendas, oferecer mais de mil cargos públicos na estrutura do governo. Tudo isso a plen…"
lamentações,Marcio_bil,"Belo Horizonte, Brasil",522,697,"RT @delucca: Quando o SILAS MALAFAIA e o RODRIGO MAIA precisam sair do esgoto onde vivem com lixo tóxico intolerante, porque ficaram indign…"
FLAMENGUISTA SINCERO �⚫,FlaSinceroOFC,Ninho do urubu,22363,748,Concessão do Maracanã cancelada pelo governo do estado. Ela tem até o dia 19 de abril para deixar o estádio
Janaina Santana,Jsouzarj,,18,72,RT @DonaReginaa: Entrei p/ o Index Twittorum Prohibitorum do @Estadao.  Acho q consideram difamação o ato d defender o governo q elegi das…
Pedro Moraes,pppmoraes76,"Rio de Janeiro, Brasil",1883,1762,RT @globoesportecom: Governo do Rio de Janeiro anuncia rompimento com consórcio que gere o Maracanã https://t.co/WS4oXjlmKd https://t.co/SQ…
Remerson Fiinho,RemersonFiinho,Brasil,71,776,"RT @julianopsol50: Presidente do Bradesco, em entrevista à @folha, afirmou que ""se a reforma não sair no primeiro semestre, o mercado pode…"
Alexandre Reis,lawyerofbrazil,"São Paulo, Brasil",55,140,"@Rogeriolemos12 @VEJA 3 meses de governo, 2.3 BILHÕES nos leilões dos aeroportos, facilitação da posse de armas, Mo… https://t.co/l4Q4H1my1b"
Maurilio De Carvalho,maurilio_car,,66,25,"RT @HenriqueFontana: Recado do @xicosa 

""É preciso, pelo código de ética do jornalismo, dizer q a reforma da previdência do Governo Bolson…"
charlie lulalivre,o_singular,Berlim Oriental,894,825,"RT @LulaOficial: O crime de Moro foi claro, não foi indeterminado, não foi uma história sem pé nem cabeça de apartamento. Foi contra a demo…"
c,mardybgg,enaltecendo george harrison,4156,2596,"RT @JenioQuadros: Esse governo fez o Silas Malafaia dar uma opinião sensata e moderada 

Que momento difícil passamos https://t.co/BS0R9Hhp…"
Al Caravan,alcaravan0870,,127,470,"RT @jairbolsonaro: Nos hospedaremos na Blair House. É uma honraria concedida a pouquíssimos Chefes de Estado, além de não custar um centavo…"
Kiara,KiaraKarla_Kika,"Esperantina, Brasil",15,24,"RT @delucca: Quando o SILAS MALAFAIA e o RODRIGO MAIA precisam sair do esgoto onde vivem com lixo tóxico intolerante, porque ficaram indign…"
Lara Luz,LaraLuz16,,2,103,"RT @50ChicoAlencar: A confusão viajou! Bolsonaro nos EUA:  Olavo ""Baixo Calão"" ataca governo de ""olavistas"", Jair quer ver Bannon, que seu…"
Assaz Hilariante,Olimpio7Pereira,Diadema,1539,1481,"RT @maryritalopes: Toda mentira ou omissåo da grobo sobre o governo será respondida por nós. 
Objetivo da grobo _ boicotar,  criminalizar e…"
Predo ᶜʳᶠ,P_Mariano35,"Rio de Janeiro, Brasil",94,164,"RT @paixaofla9: GOVERNO DO RIO ROMPE COM CONCESSIONÁRIA DO MARACANÃ ������
AGORA VAMOS BRIGAR PARA QUE FIQUE COM O FLAMENGO!!!"
eh cansativa a vida do crente,blckbigirl,"Sao Paulo, Brazil",894,359,"RT @EduardoLaviano: ""Make Brasil great again"" ou seja o cara assumiu que quer a volta do governo Lula??? https://t.co/lidvBkUl8w"
Ricardo Ribeiro,Ribeiro54srf,"João Pessoa, Brasil",693,1006,RT @EstadaoPolitica: Malafaia diz que Eduardo Bolsonaro ajudaria mais o governo 'parando de falar asneira' https://t.co/fNPs3KSUPv
Rogério,RogerioCrow,,73,94,"@ysanikalapalo O que  existe de fato  não é  o mais corrupto,e sim  uma camarilha  que se  completa e que faz  part… https://t.co/A2sNBgoMRw"
Notícias da Guerra do Petróleo,epicurodepedra,,487,1079,"RT @mala_jine: Centenas de presos políticos na Turquia estão em greve de fome. 
Ontem foi confirmada a primeira morte. Zülküf Gezen faleceu…"
Paulo Carrano,P_Carrano,Niterói,819,1617,Sobre a “Turma do Haiti”. “Fantasmas de massacre no Haiti assombram generais do governo Bolsonaro”. https://t.co/r3ZmHk8nxz
Zeitune,zeitune84,,17,57,"RT @HaddadDebochado: Um dos exemplos de Mujica, como Presidente do Uruguai, foi ter vetado a exibição de programas similares ao do Datena d…"
o advento da internet,gpiazentin,,2406,2195,"@A_Rainha_ @ahkjaksja ""desgosto"" é a única definição possível desse governo"
Iara Pinheiro,Dalfolinho2,,1581,1352,"RT @HenriqueFontana: Recado do @xicosa 

""É preciso, pelo código de ética do jornalismo, dizer q a reforma da previdência do Governo Bolson…"
Congresso em Foco,congemfoco,"Brasília, DF",204012,22060,Silas Malafaia pede para Eduardo Bolsonaro ficar de “boca fechada” e parar de “falar asneira”… https://t.co/Xm0mLqQ6Uk
Blog do Noblat,BlogdoNoblat,,1010549,256,"No caso específico de Cristovam, o PT jogou todas as suas fichas para derrotá-lo e eleger Izalci Lucas, que nem do… https://t.co/LOxq62Z4Fh"
Wanderley Oliveira,wanderleybh,"São Paulo, Brasil",3763,35,"#GloboEsgotoDaTV

Para quem não entende a atitude da mídia falida atacando o novo governo...
Um dos muitos motivos… https://t.co/xHBBxyddGu"
nafanínea,NathaneRibs,,43,93,@MascarenhasYago @valoreconomico Todo dia uma notícia absurda do governo Bolsonaro. TODO DIA
Roberto Sá ����,ArobertoSa,"Minas, Brasil y Latinoamérica",4266,4059,"RT @ArobertoSa: @Pecealmeidajr @PedroalvesJoo @gvduarte_ @otempo @RomeuZema

Já houve governo em Minas Gerais que reduziu o próprio salário…"
MiguelReginaldo,MiguelRegiSilva,BraZil,3254,4998,"RT @sputnik_brasil: De acordo com embaixador russo em Caracas, o governo bolivariano demonstra apoio total a Maduro
https://t.co/18yJejt0yS"
Маtheus Schnell,schnellflu,"Rio de Janeiro, Brasil",2026,1246,"Rompeu com o consórcio e não pretende fazer outra licitação? Governo chamando pra si a administração do Maracanã, a… https://t.co/UafxL2STeM"
George T. Pinheiro,georgetpinheiro,"Rio Branco, AC, Brasil",1855,2262,RT @RevistaCrusoe: O ministro da Economia faz uma ofensiva para que a reforma da Previdência não se perca em meio à agenda ideológica do go…
danes,daneswho,São Luís.,464,376,"RT @EduardoLaviano: ""Make Brasil great again"" ou seja o cara assumiu que quer a volta do governo Lula??? https://t.co/lidvBkUl8w"
Bruno,Nobodyisperfetx,"Rio de Janeiro, Brasil",2729,1152,"RT @lelispatricia: Esse (des) governo do Bolsonaro é tão absurdo que pela primeira vez me fez concordar com o pilantra do Malafaia, olha o…"
NETVASCO,Netvasco,Brasil,52619,0,Governo do RJ anuncia rompimento de contrato com o Consórcio Maracanã e gestão compartilhada com os clubes https://t.co/wd7xg5YaBz
Roberto junio,juninho_beto_jp,"Minas Gerais, Brasil",54,100,"RT @W_Almeida92: Enquanto alguns esperam pelo bolsa família e outras esmolas do governo, existem pessoas que não procuram desculpas e culpa…"
Iara Lair Patzer,iarapatzer,,506,69,RT @diogomainardi: Palocci fala em propina na negociação de Lula com o governo francês https://t.co/Ai1JVqA5UH
Tereza D'Ávila,TessDavila,"São Luís, Brazil",58,145,"RT @JenioQuadros: Esse governo fez o Silas Malafaia dar uma opinião sensata e moderada 

Que momento difícil passamos https://t.co/BS0R9Hhp…"
Paulo Viana,paulorcviana,"Brasília, Brasil",383,1346,RT @JornalDaCidadeO: A parte mais corajosa desta administração é a não liberação dos bilhões de reais dos pagadores de impostos à imprensa.…
Carmenmaraujo,Carmenmaraujo1,,2066,2845,"RT @HenriqueFontana: Recado do @xicosa 

""É preciso, pelo código de ética do jornalismo, dizer q a reforma da previdência do Governo Bolson…"
Ricardo Tesolin �����,RicardoTesolin,Ferraz de Vasconcelos-SP,1066,1286,Depois ainda querem que o presidente os tratem como os tais donos das verdades... imprensa lixo!! @jairbolsonaro em… https://t.co/rnYfd5FDFJ
Jose cleber muniz,Joseclebermuniz,"Rio de Janeiro, Brasil",103,399,"@deivide_silva17 @JornalOGlobo Vcs GANHARAM a eleição com a FAKE NEWS , MAMADEIRA DE PIROCA. E agora ta reclamando.… https://t.co/tCMZUhRSva"
pâmela aimi,pamdrink,"Dois Irmãos, Brasil",1284,588,RT @Estadao: &gt;@EstadaoPolitica Silas Malafaia diz que Eduardo Bolsonaro ajudaria mais o governo 'parando de falar asneira' https://t.co/wqg…
GiorginaCrf�⚫,LiliMonteiro4,,260,424,"RT @paixaofla9: GOVERNO DO RIO ROMPE COM CONCESSIONÁRIA DO MARACANÃ ������
AGORA VAMOS BRIGAR PARA QUE FIQUE COM O FLAMENGO!!!"
Alice Costa,AIice_Costa,,215,95,"RT @jojopancada: O governo Bostanaro já me fez concordar com Felipe Neto,
Reinaldo de Azevedo, General Mourão e o Rodrigo Maia.

Mas concor…"
Luciana está desmaiada!,lulugomesbh,"Minas Gerais, Brasil",394,241,Vc sabe que esse governo tá fodendo nossa cabeça quando percebe que está concordando com Malafaia. https://t.co/usBXdUHJ1r
Guilherme Jardim,gjardim,"Porto Alegre, Brazil",2871,4756,"RT @sputnik_brasil: De acordo com embaixador russo em Caracas, o governo bolivariano demonstra apoio total a Maduro
https://t.co/18yJejt0yS"
Ana Lucia Bitencourt,bitenvida,,540,701,"RT @maryritalopes: A grobo n satisfeita de boicotar o governo, ontem no fantastico acusou o presidente de estar ligado ao assassinato de La…"
Alessandra Lima,alle_nanda,São Luís/MA,2308,992,"RT @DiarioPE: Para Silas Malafaia, Eduardo Bolsonaro ajudaria mais o governo 'parando de falar asneira'. O deputado federal e filho do pres…"
Supremo chanceler da Ursal,lacerdasl,Brasil,556,643,"RT @MouraoGal: A cúpula militar do governo não acredita no que está vendo. É sério que estão pedindo o fim do STF?

Nem na ditadura nós fiz…"
Vinícius Duarte ᶜʳᶠ,viniduarte_crf,Rio de Janeiro,124,306,"@Rodri_Bruno Mas até mesmo para construir estádio, dependerá do governo aceitar. Com o governo administrando o mara… https://t.co/iUVcW5eLnU"
LuizPaulo,LuizPau59999002,"Rio de Janeiro, Brasil",46,204,"RT @maryritalopes: A grobo n satisfeita de boicotar o governo, ontem no fantastico acusou o presidente de estar ligado ao assassinato de La…"
Cláudio Sei Guerra,ClaudioSGuerra,"Mogi das Cruzes, Brasil",22,241,"RT @reaconaria: Sensacional!

O presidente Bolsonaro assinou um Decreto e agora a Lei da Ficha Limpa também vale para cargos no governo! ht…"
uma franga,Naotafacioo,,113,657,RT @samiabomfim: O governo brasileiro privatizou aeroportos brasileiros para uma empresa estatal espanhola. Isso é um absurdo completo. Pau…
Iara Pinheiro,Dalfolinho2,,1581,1352,"RT @1313_Monica: Governo Bolonsaro vai facilitar a entrada de norte-americanos no Brasil, sem visto, e ainda “vai facilitar deportação de b…"
KANIBA,KANIBA5,"Canoas, Brasil",829,856,"RT @jairbolsonaro: Nos hospedaremos na Blair House. É uma honraria concedida a pouquíssimos Chefes de Estado, além de não custar um centavo…"
Anna Moronaro,anna_moronaro,rio de janeiro,183,255,RT @manoelmsgontijo: Sugiro que RT esse post do Presidente @jairbolsonaro porque a tecnologia do grafeno foi citada por ele várias vezes du…
Gisele Felix,xlfelix,"Rio de Janeiro, Brasil",1580,519,"RT @radiobrasil940: Governo Estadual anuncia rompimento c Consórcio Maracanã. Governador Wilson Witzel ""O Maracanã tem renda. Vai ser admin…"
Vitor.,damasiovitor,GV/BH/BC ,685,534,"RT @JenioQuadros: Esse governo fez o Silas Malafaia dar uma opinião sensata e moderada 

Que momento difícil passamos https://t.co/BS0R9Hhp…"
Francisco Nogueira,FcoNogBarros,"Natal, Brasil",2217,4984,@jandira_feghali Interessante que o governo petista o qual vossa excelência fez parte foi o que mais criou benesses… https://t.co/bgNKvdXpID
Rafael Dourado,rafaeldourado,,602,872,"RT @EduardoLaviano: ""Make Brasil great again"" ou seja o cara assumiu que quer a volta do governo Lula??? https://t.co/lidvBkUl8w"
Carol Muniz,CaroletiMuniz,"São José, Brasil",15,81,"RT @JenioQuadros: Esse governo fez o Silas Malafaia dar uma opinião sensata e moderada 

Que momento difícil passamos https://t.co/BS0R9Hhp…"
anti-aesthetics,thiago_hermes,,149,373,"RT @delucca: Quando o SILAS MALAFAIA e o RODRIGO MAIA precisam sair do esgoto onde vivem com lixo tóxico intolerante, porque ficaram indign…"
Marlene ����,Marlene48495669,SC BRASIL��,959,743,RT @subeida1: Governo do Rio de Janeiro anuncia rompimento com consórcio que gere o Maracanã https://t.co/DcaaiVbkGA
Edmilson de Jesus Pereira,EdmilsondeJes10,,7,83,"@LulaOficial E  você,  com o objetivo de se livrar da cadeia, quase vira ministro do governo Dilma. Você  vai continuar na cadeia."
ko � OPEN COMMISSIONS,SHSL_ANIMATOR,YT- mrkarafirefox,1470,629,"RT @JenioQuadros: Esse governo fez o Silas Malafaia dar uma opinião sensata e moderada 

Que momento difícil passamos https://t.co/BS0R9Hhp…"
WHATEVER IT TAKES PORRA,m_artemenko,,524,333,Eu to muito feliz!! Agora é só o flu já se adiantar e negociar com o governo https://t.co/PqgC0eUtvO
Camilla Feltrin,camillafeltrin,"São Paulo, Brasil",448,856,"Pode ser só coincidência este flash. Pode ser o espectro do comunismo. De qualquer forma, muito não profissional di… https://t.co/NHkJmX2daD"
Edilene Soares ��,Edilenesoaresg2,,197,47,"RT @maryritalopes: A grobo n satisfeita de boicotar o governo, ontem no fantastico acusou o presidente de estar ligado ao assassinato de La…"
FOX Sports Brasil,FoxSportsBrasil,Brasil,1738573,111184,"Governo do Rio de Janeiro rompe contrato de concessão do Maracanã; veja

 � https://t.co/wHUiGr2211

Clique e assin… https://t.co/FB6BwM2Jho"
Observatório,GustavoM2014,São Paulo,3382,4050,RT @kallilolv: Ontem fez três anos que o então juiz fora da lei divulgou ilegalmente os áudios de Lula conversando com Dilma para fomentar…
sergio bretas,serbretas,,2301,93,Pai de família que enfrentou desarmado o atirador da Nova Zelandia receberá do governo medalha por bravura https://t.co/gTobRVTXSM
Observador,DemocraciaSempr,,2510,1536,"RT @julianopsol50: Presidente do Bradesco, em entrevista à @folha, afirmou que ""se a reforma não sair no primeiro semestre, o mercado pode…"
Simone ��,SimoneSant12,Brasil,1339,1933,"RT @vanadias: Já q a TV, as Revistas e Jornais, os Portais NÃO CONSEGUEM Acabar Com o Governo de @jairbolsonaro,Toffoli @STF_oficial APELOU…"
��Tony��,fernandordo,"Rio das Ostras, Brasil",4034,4403,RT @manoelmsgontijo: Sugiro que RT esse post do Presidente @jairbolsonaro porque a tecnologia do grafeno foi citada por ele várias vezes du…
Marcos Colombini,MarcosColombini,"São Paulo, Brazil",69,71,"RT @ViniciusPoit: Sim... É isso mesmo: R$ 2,3 BILHÕES que o caixa do governo acaba de ganhar à vista com o leilão da concessão de aeroporto…"
Sandro Ragonezi,sandroragonezi,Goiânia | Goiás | Brasil,7686,4464,Governo Ronaldo Caiado deve ir à Justiça contra ex-governadores https://t.co/53S7PlAAu7
triz;;;;;,triztter,ig: @blackcanvax ,269,381,"RT @EduardoLaviano: ""Make Brasil great again"" ou seja o cara assumiu que quer a volta do governo Lula??? https://t.co/lidvBkUl8w"
Ricardo Garcia e VC!,_ricardogarcia7,Atibaia São-Paulo,3921,358,@louisproblema @QuebrandoOTabu Veja o histórico dessa página e só vai ver coisas favoráveis ao PT. E só sabem perse… https://t.co/8sPP2EpRSF
Ricardo  Pereira,Ricardo30028621,,3,48,"RT @delucca: Quando o SILAS MALAFAIA e o RODRIGO MAIA precisam sair do esgoto onde vivem com lixo tóxico intolerante, porque ficaram indign…"
peterson (PET),lateca02,Onde voce me levar ,193,259,"RT @arthurzico92: ÓTIMA NOTÍCIA!!!

Governo do Rio de Janeiro anuncia rompimento com consórcio que gere o Maracanã. Em coletiva na manhã de…"
Carlos Cleber,_carloscleber,,315,343,"RT @jairbolsonaro: Nos hospedaremos na Blair House. É uma honraria concedida a pouquíssimos Chefes de Estado, além de não custar um centavo…"
uma franga,Naotafacioo,,113,657,"RT @delucca: Quando o SILAS MALAFAIA e o RODRIGO MAIA precisam sair do esgoto onde vivem com lixo tóxico intolerante, porque ficaram indign…"
Joao Marcos,jaomarcosl,,1,22,"RT @tarrais: o governo anterior pecou.
o governo atual nasceu sobre a sombra de um pecado ainda mais grave. 

interpretem tudo isso como qu…"
Jana fideles ��,fideles_janaina,"Palmas, Brasil",5058,5391,"RT @I55OI55OI55O: @josefucs Vc tem o meu total desprezo.
Uma ""pessoa"" desqualificada, e com intenção clara de atingir e derrubar o atual go…"
João Carlos de Paiva,JCPaiva15,,60,821,RT @samiabomfim: O governo brasileiro privatizou aeroportos brasileiros para uma empresa estatal espanhola. Isso é um absurdo completo. Pau…
Marco Capella,capella_marco,,4,50,"Existe um pacto silencioso na grande imprensa para desconstruir a reputação do novo governo com a promoção, difusão… https://t.co/wVOL0ECN0j"
Dana K. dd - Deicy Parra,Deyupa,"Manaus, Brasil",77,440,"RT @combateracismo: Governo Bolsonaro renova temor de conflito em tribo da Amazônia

https://t.co/NgYpHTAB1W https://t.co/vwuNtyI7tU"
Daniel H. Vitaliano,danielhvital,Brasil,60,251,"RT @maryritalopes: A grobo n satisfeita de boicotar o governo, ontem no fantastico acusou o presidente de estar ligado ao assassinato de La…"
honorato,joaquimhonorato,ribeirão preto,660,1495,E com as dicas dele pode PIORAR. O brazil BABA OVO norte americano. https://t.co/igavPZQasp
Manu,khaleesi_manul,no seu coração,144,1275,"RT @EduardoLaviano: ""Make Brasil great again"" ou seja o cara assumiu que quer a volta do governo Lula??? https://t.co/lidvBkUl8w"
