usuário,seguidores
elianeo,gugamaia/PerryEddie5/Kempes11194875/Inaciomuzzi/guilhermelr94/Jonassembrother/jpamacord/ScottVanchu/DigitalDireita/juliomarcelinon/sostenesarruda/jf1979alter/reservecar_/RodriguesJaline/h9vr73n9p0c11/DiegoRa00313535/TiagoScheimann/Chandler075/fabiomura/FatoouFakeNews/rivanunes2/Alberto89662288/BelaMegale/ZecaNY/bloes_/orichardback/jailtonc2/JoathasRocha/seeland08/DjacirCordeiro/ecbbrasilia/aldanisantos/robertvarga2001/edkxote/ubuntuvendas/amildf/LucasXa43577793/Gerald62601761/soldadonofront/AADEILSON/ragallo1963/alef_murad/silvionavarro/Rejane92232865/saad_sula/citadini/rachelgamarski/Soareseedna/ailson15397/RonaldoNobrega/JaymeMsilva/lauroaires/Marverde2/mariosbessa/jorgedoril/Fernand30559583/lacerda245/eli19992016/biaananas/LgE435anamaria1/AraujoWendell/mattoso_camila/BlogdoOdir/costa_rui/JoaoNetoRio/clinicafonoCDI/carlosazevedo74/P2n4mCirilo/JnetorioJoao/67ef0efb69f74f4/Fonplata/PSBnoSenado/AssistecPalmas/aplicadorajsouz/attilioepifa42/wallacemilanes8/diogodp64/Fontes_/SarrahFrance/waldir_abyara/mnc_freitas/ELIANEANDRADEM/Helio_o_franca/JOSEFERNANDOTR3/LuizCarlosAzedo/MarceloDMoraes/raphaelcorsete/aclgarcez/giselle_amo/AntonnyFranca/tanielxavier1/silviodaar/do_paulo/sinaramarialir1/Rodrigo10345452/Lucileideapare2/jfbnewsnoticia2/CorreaJun/brenofreitas23/alexmansour/mikaellerayann1/rohessel/Chria_Atelier/S2Dodora/Julianecapelato/andreia50511690/Jokapavaroti/MarcellMoraes_/MyHeritagePT/gabrieltaveras3/heldermasch/FLAVIAFVO/girarrosto_br/tatianateixei20/rcdapolinario/123Joseane/forummulti/kozmu/izabeldajequit/LopesCasimiro/tche_inverno/Brito97Brito/arlerarts/baxinha_bih/BrasiliaFederal/paulaodopt/denysdance/SmartCal/louisecsantana/FbrennoMengo/glend_dan/danyelle_rock/marcossilvabrit/PortalAquiBr/CafeConversa/LaecioAlencar/eugeniadeda/novoconceitose/OKenays/ALGOTENDENCY/davidmovie/Fanfarracarioca/anaamelialemos/Julio140250/destruirmarido/Ceciliaramoss/apoioR_Freire/sergiopardellas/gcamarotti/luizadame/
jonasBezerra16,_DanielGPSC/
fernxndes11,dufrayer_gabi/gomesgiio/
luciane_ferraz,Prof_Felipe/_MarinaOsanai/
AbramoMax,PedroFr08947732/AngelJones_1330/
EDPG1970,Populars_Pups/SinghLions/komisermesutt/CanaldoRock/Luiz_Castaldi/flyingscom/
luiz_saliba,luizedu00319714/ernabbecker/srcarlo33/BNambucko/fernandobr1978/montes1962/VilquerDias/JoanyGonzalezW/ChiarottoIris/katiateves/isajdf1/leonardocb11/FMCB/HugoDeleonCr7/brainbighead/recjudicial/andrides/Marko1952/AndrePrimiano/albertognolasco/Roniltonbrito/fabyccouto/WalkerBreno/douglasyokoo/delleys/AlexandredeNor1/CAlarmes/dianadep1/yasacanada/ldlcarreira/adrianasfoggia/VictorKayser4/
zerenatodf,abrahams_jaclyn/
menez_roberto,brummerbasilio/AtentoCampos/ricardobpereia/16thah_/BiaDvila1/Bernade60576654/Gynmises/DeusAserio/VirimAndrade/Villarinhocris/fagnerasp/liberdade_ldr/JairCapitao2/Roglio1/graciadiego/
Rt66dg,LFMenari/CamilaBandini/cpcarlinhos/Maria36060713/lurdes_peretti/AneleMaria51/MGCONSERVADORA2/77_negao/bruno_selbach/mansi_jose/ZitaPFS/MirapalhetaPSK/Fabiano73262384/eli_luar/Ma45Simone/claudiaboechat1/heversonsantos5/sergyoramos/RobertoPegoraro/Max0202Ma/flaviusagain/juninho_zoc/RibeiDeus/Silva_del_valle/Psi_Brasil/Oneill60/ericoroliveira/LucineiMarins/DeUmrita/jogolegal/EdyMitani/Mateus144/MacedoRaury/RosalieCosta13/JucaamorimICM/Luciene2222/PAORojasLo/pshayashida/LivrosDeDireita/DosEnen/Flaromart/valdecyca/gianini_prestes/CarlosAMantova/ToninhoDoZAP/Edsonsantana23/Musa14826037/Fransualo_13/Matheus13964426/glaucia_marotta/Fabiana80196048/p_chiacchio/CortopKiki/Tommybadfirst/marcelinom3ca/bovb51/maugustoadv/JucileiaMoreir3/OmPrakashChhab5/Oldair10176166/DedeTremedeira/soniaborges51/Gratrut/lcrive/365acasos/kiko_ednilton/DanielWarl/____afrj/JailsonSC27/ENygmatyko/RaquelECelia1/JhonatanScoott2/shape_of_world/matrixbrasel/DelsonGonalves5/MarjorieYannka/Antivermelho/_AnnaStein/edsonjorgealve1/mephistopandora/CarroTheLinha/Gabipizarro10/sandraldantas13/Ronyqueivy/anselmofariam/eucrisribeiro/flavio1895/EdsonAldiedson/csurubatan/Luizmunaier/sergio1_ma/LeilaBittar/euricodtna/charles_joi/simone_lope/JovemNaltaBr/leonardocb11/bemnareal/Quick_Chops/
lucasiancs,bellaarriello/luisabbortoli/AnnelizaWalsh78/itsadeborah/BFlawless2/eusoutipo2/nogueira_loryn/_shanayaoakes_/ouis_andrews/
Gabreezus,sherlockada/MJSLJr/erbontrash/0800Sac/LaraLMBR/douglasqxd/Unidunite8/andressa11k/arex82262360/8Gbdepuramerda/MalluMagalhes5/GoohS2/Claaah4/hwanhuij/Laryssa17011693/sadtrashhh/MarcieleGarcia6/sinngjpeg/madeinchinaxvs/GuiDivino/Lukinha90303247/danigeumbosta/rih_sllink/wdekii/marianeliro/lucasschmidtj/sedropoares/hyliawn/Weverton1910/STALINDO3/maryeillish/Daniel_Rgs1/zigxtardust/Rebecca29467379/Pedroolff/AntonioneAugus1/cudomario/reversotario/pvnkfairy/bryanfig_/virtualtripss/IgorBandeira9/theMightyDoctor/syzygyceo/MariaLu11595810/domenicarai/laur4_sw11/MayaraS91123648/machinneheart/mmxsta/valchaqui/le_mizeravi/lalalaviolet/_Bug4do/ledzepppera/mateus_sukko/Morilo_/p0rttgas/alendorizonte/abiscoitadooo/Cyberbobo__/YasminMist/Dolan_Esta/
Ronaldo46142356,setor7producoes/ms395481/
